,#,Nº DELIBERAÇÃO,DATA,ITEM,PROTOCOLO,RAZÃO SOCIAL,INSCRIÇÃO,CADASTRO,ENDEREÇO COMPLETO,COMPLEMENTO,ZONA,USO PRETENDIDO,DELIBERAÇÃO,inscricao_lotes,Unnamed: 0,setor,quadra,face,lote,inscricao,nomevia,numero,viacod,viasecao,geometry,point,latitude,longitude
0,0,712,2021-06-09,ITEM 001,5064/2021,NRF PRODUTOS ALIMENTÍCIOS LTDA,201.001.01.0500.0001.000,755218,"MINISTRO VICTOR KONDER, 310, CENTRO, ITAJAI-SC",-,ZC1,CS3E I 2-3,Aprovado por unanimidade,201.001.01.0500,35530.0,201.0,1.0,1.0,500.0,201.001.01.0500,Av.Min.Victor Konder,310.0,280.0,1.0,"POLYGON ((-48.6543563909404 -26.90986532880669, -48.65405843460154 -26.90982311269545, -48.65403666883746 -26.90992422049843, -48.65433819796856 -26.90996559994459, -48.6543563909404 -26.90986532880669))",POINT (-48.65419708243994 -26.90989461335151),-48.654197082439936,-26.90989461335152
1,1,712,2021-06-09,ITEM 002,5580/2021,SUL BRASIL PRESERVAÇÃO E FABRICAÇÃO DE PESCADOS EIRELI,212.104.01.0109.0000.000,16741,"DAVID ADAO SCHMIDT, 445, NOVA BRASILIA, ITAJAI-SC",SALA 03,CS3E,I 2-3-4,Aprovado por unanimidade,212.104.01.0109,35337.0,212.0,104.0,1.0,109.0,212.104.01.0109,R.David Adão Schmidt,445.0,405.0,1.0,"POLYGON ((-48.6860103728982 -26.89375525328306, -48.68616869195991 -26.89360100590391, -48.68603905976034 -26.89349804623157, -48.68602865335992 -26.89350818501349, -48.68588296817893 -26.89365012333909, -48.6860103728982 -26.89375525328306))",POINT (-48.68602542495049 -26.89362623005254),-48.68602542495049,-26.893626230052547
2,2,712,2021-06-09,ITEM 003,5674/2021,FUNDAÇÃO UNIVERSIDADE DO VALE DO ITAJAÍ,204.196.01.1157.0000.000,10710,"URUGUAI, 458, CENTRO, ITAJAI-SC",-,ZU 2,CS3E I 2-3,Aprovado por unanimidade,204.196.01.1157,2531.0,204.0,196.0,1.0,1157.0,204.196.01.1157,R.Uruguai,508.0,266.0,1.0,"POLYGON ((-48.66105328231016 -26.91364374471279, -48.6606000363952 -26.91425404014714, -48.6625336692421 -26.91580293223408, -48.66529478415774 -26.91783151827093, -48.66793419035659 -26.91970690884414, -48.66808107395306 -26.9191729133532, -48.66815424913971 -26.9189134914312, -48.66816520096546 -26.91888117887001, -48.6682324258052 -26.91860547725005, -48.66825333489822 -26.91851972482626, -48.66827833036864 -26.9184172131502, -48.66829843638486 -26.91833475396941, -48.66832187705507 -26.91821836254484, -48.66758329406324 -26.9177006990387, -48.66683327636989 -26.91718421501694, -48.66665001554188 -26.91712806614975, -48.66647837959415 -26.91700652409612, -48.66641169512205 -26.91692682746006, -48.66618040794929 -26.9167658147302, -48.66615374132842 -26.91671008705268, -48.66585861703912 -26.91650736599281, -48.66546512337746 -26.91623688986919, -48.66446536259405 -26.91554660808812, -48.66403849655651 -26.91525281072858, -48.6635138245441 -26.91489343382053, -48.66350207248009 -26.91490624786393, -48.66313124570831 -26.91465131770645, -48.66278006494866 -26.91441134664406, -48.66240365641001 -26.91416336857137, -48.66224227246961 -26.91407288704632, -48.66197101754533 -26.9139448113423, -48.66173538029929 -26.91384876287585, -48.66147898102851 -26.91376266834854, -48.66110357721924 -26.91363194284512, -48.66105328231016 -26.91364374471279))",POINT (-48.66470766750061 -26.91656256842874),-48.66470766750061,-26.91656256842874
3,3,712,2021-06-09,ITEM 004,5812/2021,XTRONIC DISTRIBUIDORA DE ACESSÓRIOS AUTOMOTIVOS EIRELI,202.016.02.1160.0000.000,3788,"IRINEU BORNHAUSEN, 1432, VILA OPERARIA, ITAJAI-SC",-,ZU 2,CS3E I 2-3 4,Aprovado por unanimidade,202.016.02.1160,3543.0,202.0,16.0,2.0,1160.0,202.016.02.1160,Av.Irineu Bornhausen,1432.0,161.0,1.0,"POLYGON ((-48.66990546656819 -26.90278405825897, -48.66982175556986 -26.90278884261786, -48.66982083151024 -26.90292683397318, -48.66992524912392 -26.90294089408738, -48.66991496017059 -26.90285932369968, -48.66990546656819 -26.90278405825897))",POINT (-48.66986943986475 -26.90286275896236),-48.66986943986475,-26.902862758962364
4,4,712,2021-06-09,ITEM 005,5874/2021,SHP BRASIL EIRELI,216.072.01.0300.0000.000,780774,"RODOVIA DEPUTADO ANTONIO HEIL, 6250, ITAIPAVA, ITAJAI-SC",MÓDULO 28,ZU 4,CS3E I 2,Aprovado por unanimidade,216.072.01.0300,20327.0,216.0,72.0,1.0,300.0,216.072.01.0300,Rod.Dep.Antônio Heil,6250.0,1235.0,1.0,"POLYGON ((-48.75603684530015 -26.95047958025856, -48.75555346776684 -26.94375580821473, -48.75475709270786 -26.94385489358519, -48.75486929149839 -26.9449600529803, -48.7547962761582 -26.94506949849227, -48.75510475711564 -26.95016345846223, -48.75603684530015 -26.95047958025856))",POINT (-48.75536899284268 -26.94714188779452),-48.75536899284268,-26.947141887794515
5,5,712,2021-06-09,ITEM 006,5880/2021,CENTRO VETERINÁRIO XAVIER E TROMBINI LTDA,204.018.02.0718.0000.000,8655,"EXPEDICIONARIO MARQUETTI, 120, FAZENDA, ITAJAI-SC",-,ZU 1,"CS3E, I 2",Aprovado por unanimidade,204.018.02.0718,40002.0,204.0,18.0,2.0,718.0,204.018.02.0718,R.Exp.Marquetti,120.0,643.0,1.0,"POLYGON ((-48.65301391765566 -26.91910806551894, -48.65309173823677 -26.91917154696294, -48.65323704487032 -26.91902513651193, -48.65330398769262 -26.91907974445137, -48.65344831468615 -26.91891205997084, -48.65351198543777 -26.91884059638297, -48.6535090353771 -26.91883789014723, -48.65339022608043 -26.91872889773535, -48.65327834919778 -26.91884162511554, -48.65301391765566 -26.91910806551894))",POINT (-48.65328155956275 -26.91894797005667),-48.65328155956275,-26.91894797005667
6,6,712,2021-06-09,ITEM 007,2765/2020,MADEREIRA ITAJAÍ LTDA,204.033.03.0066.0000.000,9051,"VEREADOR ABRAHAO JOAO FRANCISCO, 250, FAZENDA, ITAJAI-SC",LOTE 031,ZR 3,"CSE, I 2-3-4;",Aprovado por unanimidade,204.033.03.0066,50140.0,204.0,33.0,3.0,66.0,204.033.03.0066,Av.Ver.Abrahão João Francisco,250.0,265.0,1.0,"POLYGON ((-48.65612783275341 -26.91538617806482, -48.65603037296199 -26.91533211454605, -48.65594694574737 -26.91549341907686, -48.65604415793054 -26.91556164809506, -48.65612783275341 -26.91538617806482))",POINT (-48.65603748347694 -26.91544441560816),-48.656037483476936,-26.915444415608157
7,7,712,2021-06-09,ITEM 008,13585/2020,ARENA R13 LTDA,214.099.01.0200.0000.000,753920,"JOSE MEDEIROS VIEIRA - AV DR., 1300, PRAIA BRAVA DE ITAJAI, ITAJAI-SC",-,-,-,Aprovado por unanimidade,214.099.01.0200,17787.0,214.0,99.0,1.0,200.0,214.099.01.0200,Av.Dr.José Medeiros Vieira (Sul),1300.0,599.0,1.0,"POLYGON ((-48.63046387885477 -26.94734270947218, -48.63044532447857 -26.94673699313988, -48.63034650868514 -26.94674696413994, -48.62997213989506 -26.94678475650097, -48.62986167005656 -26.94679590823376, -48.62973175597511 -26.94680902268829, -48.62925689777811 -26.94685695706372, -48.62930709523431 -26.94742768951768, -48.63046387885477 -26.94734270947218))",POINT (-48.62987354277377 -26.94708922014369),-48.62987354277377,-26.947089220143692
8,8,712,2021-06-09,ITEM 009,14457/2020,EFICÁCIA FARMÁCIA DE MANIPULAÇÃO LTDA,201.050.06.0636.0000.000,1677,"JOAO BAUER, 472, CENTRO, ITAJAI-SC",-,ZC 2,"CS3E, I 2",Aprovado por unanimidade,201.050.06.0636,29204.0,201.0,50.0,6.0,636.0,201.050.06.0636,R.João Bauer,472.0,353.0,1.0,"POLYGON ((-48.66009576624243 -26.91159722757189, -48.65999507331279 -26.91172123807109, -48.66022263453664 -26.91186968139265, -48.66030525282438 -26.91177059525179, -48.66029404720467 -26.91176132161919, -48.66009576624243 -26.91159722757189))",POINT (-48.66015084530635 -26.91173675839151),-48.66015084530635,-26.911736758391513
9,9,712,2021-06-09,ITEM 010,14982/2020,METOS BRASIL IMPORTAÇÃO E EXPORTAÇÃO LTDA,214.065.05.1150.0000.000,755556,"OSWALDO PEREIRA, 61, FAZENDINHA, ITAJAI-SC",-,ZU 2,"CS3E, I 2",Aprovado por unanimidade,214.065.05.1150,19063.0,214.0,65.0,5.0,1150.0,214.065.05.1150,R.Oswaldo Pereira,61.0,739.0,1.0,"POLYGON ((-48.64112676139133 -26.93294677610061, -48.64092567961266 -26.93293770630686, -48.64091860029607 -26.93309598227784, -48.6411197832795 -26.93310279621887, -48.64112676139133 -26.93294677610061))",POINT (-48.6410224655389 -26.93302080574558),-48.6410224655389,-26.93302080574559
10,10,712,2021-06-09,ITEM 011,15043/2020,ACPARTS BRASIL SC LTDA,202.040.04.0042.0000.000,4515,"LUIZ SEBASTIAO AMORIM, 38, SAO JOAO, ITAJAI-SC","ANDAR 02, SALA 02",ZAP,"CSE, I 4;",Aprovado por unanimidade,202.040.04.0042,15163.0,202.0,40.0,4.0,42.0,202.040.04.0042,R.Luiz Sebastião Amorim,38.0,257.0,1.0,"POLYGON ((-48.67351964934958 -26.89604141308696, -48.67339882147319 -26.89615797006625, -48.67346769432199 -26.89621383020547, -48.67356467710122 -26.89629248911933, -48.67364143545462 -26.89635474469336, -48.67373864628393 -26.89643358828296, -48.6738388949876 -26.89651489550467, -48.67393752610845 -26.8965948906787, -48.67394674709699 -26.89658602317168, -48.67405664393847 -26.89667383446917, -48.67416647227641 -26.89656471764607, -48.67405397140822 -26.89647370069508, -48.67394974213892 -26.89638937555679, -48.6738391698982 -26.89629991839974, -48.67373798998763 -26.89621805997861, -48.67362961327558 -26.89613037873247, -48.67351964934958 -26.89604141308696))",POINT (-48.67378034750104 -26.89635852009427),-48.67378034750104,-26.89635852009427
11,11,712,2021-06-09,ITEM 012,15222/2020,MOVER DIAGNÓSTICO POR IMAGEM LTDA,005.027.04.1140.0000.000,25533,"ESTEFANO JOSE VANOLLI, 1190, SAO VICENTE, ITAJAI-SC",SALA 01,ZU 3,"CS3E, I 2-3",Aprovado por unanimidade,005.027.04.1140,14689.0,5.0,27.0,4.0,1140.0,005.027.04.1140,R.Estefano José Vanolli,1190.0,60.0,1.0,"POLYGON ((-48.68911316367056 -26.90470904639086, -48.68884594965061 -26.90471686214839, -48.6888224962516 -26.90471754815012, -48.68882481846924 -26.90480226418265, -48.68898003157537 -26.90479722315355, -48.68930181807521 -26.90478677164431, -48.68962398480659 -26.90477630712082, -48.68978680752999 -26.90477101804009, -48.69056082884602 -26.90474587249141, -48.69055462269156 -26.90459242410735, -48.69034632219888 -26.90459839706586, -48.68926579018511 -26.90462937605953, -48.68926746113652 -26.90466131605098, -48.68910976766631 -26.90466160004084, -48.68911316367056 -26.90470904639086))",POINT (-48.68975720226481 -26.90469861043409),-48.68975720226482,-26.904698610434085
12,12,712,2021-06-09,ITEM 013,15466/2020,COMUNIDADE TERAPEUTICA ARVORE DA VIDA,214.026.02.0170.0000.000,20974,"FLORIANO PEIXOTO, 388, CABECUDAS, ITAJAI-SC",SALA 02,ZR 2,CS3E,Aprovado por unanimidade,214.026.02.0170,6353.0,214.0,26.0,2.0,170.0,214.026.02.0170,R.Otto Renaux,388.0,764.0,1.0,"POLYGON ((-48.63420368479476 -26.92750602872611, -48.63439479822133 -26.92765008558132, -48.63447502423151 -26.92755524192003, -48.63429205177553 -26.92742157409089, -48.63427341085347 -26.92742221352437, -48.63420368479476 -26.92750602872611))",POINT (-48.6343392304193 -26.92753180225531),-48.63433923041929,-26.927531802255306
13,13,712,2021-06-09,ITEM 014,6099/2021,TERMOTUBOS IMPORTAÇÃO E EXPORTAÇÃO EIRELI,204.057.01.1900.0000.000,757360,"VEREADOR MILTON RIBEIRO DA LUZ, 160, FAZENDA, ITAJAI-SC",-,"ZU 2,","CS3E, I 2;",Aprovado por unanimidade,204.057.01.1900,34857.0,204.0,57.0,1.0,1900.0,204.057.01.1900,R.Ver.Milton Ribeiro da Luz,160.0,710.0,1.0,"POLYGON ((-48.64913885909855 -26.92654484094393, -48.648229945318 -26.92578172964118, -48.64820724869001 -26.92580084484445, -48.64894565562866 -26.9267068754244, -48.64916145075456 -26.92656556711554, -48.64913885909855 -26.92654484094393))",POINT (-48.64874659755581 -26.92632490787357),-48.64874659755581,-26.926324907873568
14,14,712,2021-06-09,ITEM 015,SCP 2100852149,DANILO SERRA CORADO,005.283.06.1080.0000.000,760443,"FELIPE COSTA, 31, SAO VICENTE, ITAJAI-SC",-,ZU 3,"CS3E, I 2",Aprovado por unanimidade,005.283.06.1080,51680.0,5.0,283.0,6.0,1080.0,005.283.06.1080,R.Felipe Costa,31.0,1634.0,1.0,"POLYGON ((-48.69080319919014 -26.89583446287969, -48.69080705794904 -26.89594294934874, -48.69102955281117 -26.89593335684087, -48.69102743368564 -26.89582479539892, -48.69080319919014 -26.89583446287969))",POINT (-48.69091680896421 -26.89588382068244),-48.69091680896421,-26.89588382068244
15,15,710,2021-07-02,ITEM 001,16.681/2020,FENIX COMERCIO DE MODA EIRELI,202.074.02.0272.0001.000,5461,"JOSE PEREIRA LIBERATO, 1267, SAO JOAO, ITAJAI-SC",GALPÃO DEPÓSITO 1,-,-,Aprovado por unanimidade,202.074.02.0272,48526.0,202.0,74.0,2.0,272.0,202.074.02.0272,R.José Pereira Liberato,1267.0,159.0,1.0,"POLYGON ((-48.6816697726825 -26.90374068948798, -48.68177817742581 -26.90373830470439, -48.68189188914655 -26.90373580322121, -48.68200253178594 -26.90373336910449, -48.68200451208453 -26.90358258194295, -48.68273419588557 -26.90355764575968, -48.68259439200808 -26.90248134357141, -48.68258312555102 -26.90247380351163, -48.68164584756066 -26.90250833842813, -48.68165521427707 -26.90268240898138, -48.68137657667091 -26.90374018854333, -48.68155910255937 -26.90374312388389, -48.6816697726825 -26.90374068948798))",POINT (-48.68207885707781 -26.90310936032714),-48.682078857077805,-26.90310936032714
16,16,710,2021-07-02,ITEM 002,857/2021,LUIZ CARLOS BREHM,005.283.11.0270.0000.000,772678,"JOSE ISALTINO DE BARROS, 150, SAO VICENTE, ITAJAI-SC",-,-,-,Aprovado por unanimidade,005.283.11.0270,7168.0,5.0,283.0,11.0,270.0,005.283.11.0270,R.José Isaltino de Barros,150.0,1138.0,1.0,"POLYGON ((-48.6902148803997 -26.8962716608571, -48.69022268546851 -26.89649312229007, -48.69045089785675 -26.89648442448091, -48.69044319436863 -26.89626585809314, -48.6902148803997 -26.8962716608571))",POINT (-48.69033266422652 -26.89637877441688),-48.690332664226524,-26.89637877441688
17,17,710,2021-07-02,ITEM 003,3895/2021,RAFAELA ANTONIETA CORDEIRO VEIGA,202.011.05.0178.0000.000,3517,"HEITOR LIBERATO, 990, CENTRO, ITAJAI-SC",-,-,-,Aprovado por unanimidade,202.011.05.0178,43119.0,202.0,11.0,5.0,178.0,202.011.05.0178,R.Heitor Liberato,990.0,160.0,1.0,"POLYGON ((-48.66786039549782 -26.90514158687721, -48.66799836380407 -26.90518570002354, -48.66792614124673 -26.90457049716519, -48.66781897919015 -26.90457840370312, -48.66783585090478 -26.90480782729971, -48.66784381198837 -26.90491608214673, -48.66786039549782 -26.90514158687721))",POINT (-48.66790281542466 -26.90487965081959),-48.667902815424654,-26.90487965081959
18,18,710,2021-07-02,ITEM 004,4769/2021,V. MADALOZZO & CIA LTDA,216.044.01.0050.0000.000,758083,"ITAIPAVA, 1097, ITAIPAVA, ITAJAI-SC","ARMZ 02, ANDAR 01",-,-,Aprovado por unanimidade,216.044.01.0050,14251.0,216.0,44.0,1.0,50.0,216.044.01.0050,Av.Itaipava,1097.0,1413.0,1.0,"POLYGON ((-48.711646033215 -26.93777595782037, -48.71187640847332 -26.94193563134376, -48.71249491364405 -26.94220136302556, -48.71233961990897 -26.93829274313895, -48.711646033215 -26.93777595782037))",POINT (-48.71208477586202 -26.94001643446919),-48.712084775862024,-26.940016434469193
19,19,710,2021-07-02,ITEM 005,4817/2021,QING COMERCIO DE BIJUTERIAS,201.038.03.0124.0001.000,1301,"HERCILIO LUZ, 620, CENTRO, ITAJAI-SC",-,-,-,Aprovado por unanimidade,201.038.03.0124,25463.0,201.0,38.0,3.0,124.0,201.038.03.0124,R.Hercílio Luz,620.0,290.0,1.0,"POLYGON ((-48.66084729147736 -26.90635217348224, -48.66074827750739 -26.90651316163228, -48.66081461974322 -26.90653303652807, -48.66105035887178 -26.90614974355253, -48.66099317285363 -26.90611498178801, -48.66084729147736 -26.90635217348224))",POINT (-48.66090141115557 -26.90632764424412),-48.660901411155564,-26.906327644244122
20,20,710,2021-07-02,ITEM 006,4948/2021,TOP SAÚDE MEDICAL LTDA,201.072.03.0184.0005.000,900004,"BRUSQUE, 771, CENTRO, ITAJAI-SC",-,-,-,Aprovado por unanimidade,201.072.03.0184,39236.0,201.0,72.0,3.0,184.0,201.072.03.0184,R.Brusque,771.0,268.0,1.0,"POLYGON ((-48.66771411099142 -26.91416445385182, -48.66789436923735 -26.91429874539809, -48.66800072935236 -26.91417954214427, -48.66800332888658 -26.9141729058853, -48.66800456648527 -26.9141653951394, -48.66800403856703 -26.91415730437689, -48.66800111124464 -26.91414837901637, -48.66799790886886 -26.91414296550428, -48.6679945959435 -26.91413891878476, -48.6678684342691 -26.91398963201175, -48.66771411099142 -26.91416445385182))",POINT (-48.66786920118022 -26.91415073508096),-48.66786920118022,-26.914150735080963
21,21,710,2021-07-02,ITEM 007,4962/2021,BOTE BRASIL CONSTRUÇÃO NAVAL LTDA,211.014.01.0643.0000.000,759512,"GETULIO VARGAS - AVENIDA, 371, VILA OPERARIA, ITAJAI-SC",-,-,-,Aprovado por unanimidade,211.014.01.0643,24772.0,211.0,14.0,1.0,643.0,211.014.01.0643,Av.Getúlio Vargas,371.0,491.0,1.0,"POLYGON ((-48.67209099783261 -26.91006420395026, -48.67207654629193 -26.90999298445938, -48.67170663638932 -26.91002767282849, -48.67171475435833 -26.91009948624896, -48.67209099783261 -26.91006420395026))",POINT (-48.67189724968374 -26.91004618804716),-48.671897249683745,-26.910046188047165
22,22,710,2021-07-02,ITEM 008,4967/2021,COMÉRCIO DE BEBIDAS GDB EIRELI,216.052.03.0160.0000.000,758401,"ITAIPAVA, 4043, ITAIPAVA, ITAJAI-SC",-,-,-,Aprovado por unanimidade,216.052.03.0160,14955.0,216.0,52.0,3.0,160.0,216.052.03.0160,Av.Itaipava,4043.0,1413.0,1.0,"POLYGON ((-48.74073257194488 -26.9453974726258, -48.74077245235263 -26.94598183071769, -48.74090712145109 -26.94597805633615, -48.74086363652034 -26.94541068146721, -48.74073257194488 -26.9453974726258))",POINT (-48.74081874241767 -26.94569374895131),-48.740818742417666,-26.945693748951317
23,23,710,2021-07-02,ITEM 009,4990/2021,STAGE CLUB ENTRETENIMENTO LTDA,221.053.01.0650.0000.000,771633,"JOSE GALL, 1570, CARVALHO, ITAJAI-SC",-,-,-,Aprovado por unanimidade,221.053.01.0650,13501.0,221.0,53.0,1.0,650.0,221.053.01.0650,R.José Gall,1570.0,545.0,1.0,"POLYGON ((-48.68634927394977 -26.92805201908418, -48.68475743937395 -26.9283492416977, -48.68524058896801 -26.92871594173797, -48.6864013623258 -26.92860210942272, -48.68634927394977 -26.92805201908418))",POINT (-48.68570653645719 -26.92841199951945),-48.68570653645718,-26.928411999519447
24,24,710,2021-07-02,ITEM 010,4992/2021,CENTRO EDUCACIONAL GREENLEAF EIRELI,204.034.01.0587.0001.000,9125,"SETE DE SETEMBRO, 740, FAZENDA, ITAJAI-SC",-,-,-,Aprovado por unanimidade,204.034.01.0587,47138.0,204.0,34.0,1.0,587.0,204.034.01.0587,Av.7 de Setembro,740.0,276.0,1.0,"POLYGON ((-48.65685408662909 -26.91277846055234, -48.6568074630524 -26.91289144465558, -48.65739206899093 -26.91323396735303, -48.65747579805024 -26.91328302408892, -48.65750796855367 -26.91324523647036, -48.65740815269083 -26.91317398295114, -48.65732803082045 -26.91311678791637, -48.65722948227813 -26.91304643888001, -48.65712667041388 -26.91297304624168, -48.65705863454011 -26.91292447853371, -48.6569715222701 -26.91286229291137, -48.65685408662909 -26.91277846055234))",POINT (-48.65711526823931 -26.91301940398103),-48.657115268239316,-26.913019403981032
25,25,710,2021-07-02,ITEM 011,4999/2021,CLUBE DE CAÇA E TIRO DESPORTIVO MULTIGUM LTDA,204.077.04.0197.0000.000,10709,"URUGUAI, 546, FAZENDA, ITAJAI-SC",-,-,-,Aprovado por unanimidade,204.077.04.0197,15234.0,204.0,77.0,4.0,197.0,204.077.04.0197,R.Uruguai,546.0,266.0,1.0,"POLYGON ((-48.66180588303266 -26.91632349125615, -48.6625336692421 -26.91580293223408, -48.66140348404173 -26.91489763141906, -48.66095674136617 -26.91535407947014, -48.66022264889822 -26.91476069787002, -48.66013054897309 -26.9148843447824, -48.66049950545415 -26.91519964305433, -48.66180588303266 -26.91632349125615))",POINT (-48.66152195234823 -26.91556662720843),-48.661521952348224,-26.915566627208428
26,26,710,2021-07-02,ITEM 012,5016/2021,FROES IMPORTAÇÃO E EXPORTAÇÃO LTDA,202.074.02.0272.0002.000,5462,"JOSE PEREIRA LIBERATO, 1267, SAO JOAO, ITAJAI-SC",-,-,-,Aprovado por unanimidade,202.074.02.0272,48526.0,202.0,74.0,2.0,272.0,202.074.02.0272,R.José Pereira Liberato,1267.0,159.0,1.0,"POLYGON ((-48.6816697726825 -26.90374068948798, -48.68177817742581 -26.90373830470439, -48.68189188914655 -26.90373580322121, -48.68200253178594 -26.90373336910449, -48.68200451208453 -26.90358258194295, -48.68273419588557 -26.90355764575968, -48.68259439200808 -26.90248134357141, -48.68258312555102 -26.90247380351163, -48.68164584756066 -26.90250833842813, -48.68165521427707 -26.90268240898138, -48.68137657667091 -26.90374018854333, -48.68155910255937 -26.90374312388389, -48.6816697726825 -26.90374068948798))",POINT (-48.68207885707781 -26.90310936032714),-48.682078857077805,-26.90310936032714
27,27,710,2021-07-02,ITEM 013,5034/2021,CUNHA COMERCIO DE FRUTAS LTDA,211.017.02.0783.0001.000,11991,"FIUZA LIMA, 370, SAO JUDAS, ITAJAI-SC",FUNDOS,-,-,Aprovado por unanimidade,211.017.02.0783,27748.0,211.0,17.0,2.0,783.0,211.017.02.0783,R.Fiuza Lima,370.0,489.0,1.0,"POLYGON ((-48.67456154987267 -26.9106804924782, -48.67469706930061 -26.91030279652527, -48.67416786644935 -26.91013216502759, -48.67414954036719 -26.91014191472006, -48.67425844179971 -26.91098626945212, -48.67427030975713 -26.91100005236066, -48.67442712067976 -26.91105514697197, -48.67456154987267 -26.9106804924782))",POINT (-48.67439024331257 -26.91054821983784),-48.674390243312565,-26.910548219837843
28,28,710,2021-07-02,ITEM 014,5045/2021,FLUIDRA BRASIL INDUSTRIA E COMERCIO LTDA,216.130.05.0400.0000.00,925284,"MARCOS ANTONIO DA CUNHA, 251, ARRAIAL DOS CUNHA, ITAJAI-SC",-,-,-,Aprovado por unanimidade,216.130.05.0400,22491.0,216.0,130.0,5.0,400.0,216.130.05.0400,R.Marcos Antônio da Cunha,251.0,1500.0,1.0,"POLYGON ((-48.77771519892163 -26.96621670939073, -48.77703986276448 -26.96625336994985, -48.77747774201286 -26.97104340897068, -48.77814489911455 -26.97118214384733, -48.77771519892163 -26.96621670939073))",POINT (-48.77759516876713 -26.96865956595273),-48.777595168767135,-26.96865956595273
29,29,710,2021-07-02,ITEM 015,5048/2021,MOTTA & ETCHEPARE ADVOGADOS,204.019.03.0446.0011.000,911110,"JORGE TZACHEL, 38, FAZENDA, ITAJAI-SC","SALA 601, 602, 701, 702",-,-,Aprovado por unanimidade,204.019.03.0446,29879.0,204.0,19.0,3.0,446.0,204.019.03.0446,R.Jorge Tzaschel,38.0,654.0,1.0,"POLYGON ((-48.65345978734145 -26.91785380342431, -48.65355624373446 -26.91775340780223, -48.65327642266909 -26.91753736752167, -48.65317616552731 -26.91762491794933, -48.65322961752724 -26.91766618664067, -48.65322415089552 -26.91767187653517, -48.65342013021511 -26.91782318555511, -48.65345978734145 -26.91785380342431))",POINT (-48.65336714491998 -26.91769446072964),-48.653367144919976,-26.917694460729642
30,30,710,2021-07-02,ITEM 016,5073/2021,JOSUÉ BOHORA GONÇALVES,005.069.02.0035.0000.000,772294,"PROFESSORA EROTIDES DA SILVA FONTES, 638, SAO VICENTE, ITAJAI-SC",-,-,-,Aprovado por unanimidade,005.069.02.0035,40587.0,5.0,69.0,2.0,35.0,005.069.02.0035,R.Profª.Erotides da Silva Fontes,638.0,107.0,1.0,"POLYGON ((-48.69265522318999 -26.90942815168129, -48.69277697520434 -26.90942578087859, -48.69276817045573 -26.90922557778525, -48.69263881724748 -26.90922844041616, -48.69265522318999 -26.90942815168129))",POINT (-48.69270975017537 -26.90932597572573),-48.69270975017537,-26.909325975725732
31,31,710,2021-07-02,ITEM 017,5135/2021,DONATO E GHELLAR CENTRO DE ATIVIDADES FISICAS LTDA,211.017.01.0468.0000.000,11972,"SAO PAULO, 273, SAO JUDAS, ITAJAI-SC",-,-,-,Aprovado por unanimidade,211.017.01.0468,298.0,211.0,17.0,1.0,468.0,211.017.01.0468,R.São Paulo,273.0,506.0,1.0,"POLYGON ((-48.67690454566242 -26.91101350357604, -48.67671465845369 -26.91095242596552, -48.67657013658284 -26.9113450991831, -48.67675239043641 -26.91141155942333, -48.67690454566242 -26.91101350357604))",POINT (-48.67673604120521 -26.91117986152577),-48.67673604120522,-26.91117986152577
32,32,710,2021-07-02,ITEM 018,5142/2021,JOCIMARA CUSTÓDIO DE LIMA,005.513.03.0020.0000.000,803699,"ARTILHA PEZZINI GELASCO, 20, SAO VICENTE, ITAJAI-SC",-,-,-,Aprovado por unanimidade,005.513.03.0020,32513.0,5.0,513.0,3.0,20.0,005.513.03.0020,R.Artilha Pezzini Gelasco,20.0,145.0,1.0,"POLYGON ((-48.70773158961763 -26.91159626825272, -48.70774601291916 -26.91186700861994, -48.70784654659447 -26.911862704238, -48.70783212305171 -26.91159196386577, -48.70773158961763 -26.91159626825272))",POINT (-48.7077890680491 -26.91172948629805),-48.707789068049095,-26.91172948629805
33,33,710,2021-07-02,ITEM 019,5144/2021,"CIATRADING COMEX, TEXTIL E ENERGIA LTDA",204.034.01.0625.0044.000,904767,"SETE DE SETEMBRO, 776, FAZENDA, ITAJAI-SC",SALA 704,-,-,Aprovado por unanimidade,204.034.01.0625,49861.0,204.0,34.0,1.0,625.0,204.034.01.0625,Av.7 de Setembro,776.0,276.0,1.0,"POLYGON ((-48.65673275008191 -26.91307249784363, -48.65666761487191 -26.91322620203223, -48.657046450971 -26.91338034350607, -48.6572261784578 -26.91345714827544, -48.6573149540647 -26.91333771417363, -48.6570424591343 -26.91318980733517, -48.65673275008191 -26.91307249784363))",POINT (-48.65698246949773 -26.91326453466538),-48.65698246949773,-26.913264534665373
34,34,710,2021-07-02,ITEM 020,5243/2021,ESPAÇO DOS ESPORTES JJD LTDA,215.049.02.0280.0000.000,775803,"JOSE GOTTARDI, 310, ESPINHEIROS, ITAJAI-SC",-,-,-,Aprovado por unanimidade,215.049.02.0280,26307.0,215.0,49.0,2.0,280.0,215.049.02.0280,R.José Gottardi,310.0,1390.0,1.0,"POLYGON ((-48.74434844109534 -26.90188544197811, -48.74419302466 -26.90189499818762, -48.74375432195652 -26.90192197210003, -48.74340362722226 -26.9019435337917, -48.74350444584838 -26.90207090974289, -48.74352400840643 -26.90210572594565, -48.74357037249785 -26.90219071355465, -48.7436986131116 -26.90218660308379, -48.74435754806216 -26.90196202048902, -48.74434844109534 -26.90188544197811))",POINT (-48.74384587076737 -26.90201550133167),-48.743845870767366,-26.90201550133167
35,35,710,2021-07-02,ITEM 021,5267/2021,LUCIANO CHAVES DIAS EIRELI,005.001.03.1220.0000.000,44213,"SAO FRANCISCO DO SUL, 739, SAO VICENTE, ITAJAI-SC",-,-,-,Aprovado por unanimidade,005.001.03.1220,38797.0,5.0,1.0,3.0,1220.0,005.001.03.1220,R.São Francisco do Sul,739.0,61.0,1.0,"POLYGON ((-48.68298260658291 -26.89423958977215, -48.68271627120646 -26.89421349069487, -48.68270390844651 -26.89431491384661, -48.68294760044864 -26.89433879407791, -48.68298260658291 -26.89423958977215))",POINT (-48.68283777193306 -26.89427595483819),-48.68283777193306,-26.894275954838186
36,36,710,2021-07-02,ITEM 022,5295/2021,ANDERSON RODRIGO DE BARROS,211.065.03.0441.0000.000,13602,"MIGUEL KUNIFAS, 171, DOM BOSCO, ITAJAI-SC",-,-,-,Aprovado por unanimidade,211.065.03.0441,6695.0,211.0,65.0,3.0,441.0,211.065.03.0441,R.Miguel Kunifas,171.0,549.0,1.0,"POLYGON ((-48.67497236887835 -26.91814871565606, -48.67475165056084 -26.9181593132312, -48.6747592312047 -26.91826239989813, -48.67497938935087 -26.91825182927796, -48.67497236887835 -26.91814871565606))",POINT (-48.67486565846314 -26.91820554268224),-48.67486565846315,-26.918205542682248
37,37,710,2021-07-02,ITEM 023,5322/2021,COMEX CARGO SOLUÇÕES EM LOGÍSTICA LTDA,216.055.01.1150.0000.000,923017,"ARISTIDES PEDRONI, 250, ITAIPAVA, ITAJAI-SC",-,-,-,Aprovado por unanimidade,216.055.01.1150,22449.0,216.0,55.0,1.0,1150.0,216.055.01.1150,R.Aristides Pedroni,250.0,1458.0,1.0,"POLYGON ((-48.74657685086061 -26.94398325792501, -48.7463945638376 -26.94103432941279, -48.74635887445048 -26.94045696136419, -48.74622192164196 -26.93874890211871, -48.74595287983328 -26.93873759838624, -48.74636579198907 -26.9441129978249, -48.74657685086061 -26.94398325792501))",POINT (-48.74627716873936 -26.94129930950434),-48.746277168739354,-26.94129930950434
38,38,710,2021-07-02,ITEM 024,5323/2021,JAMES JOSE DOS SANTOS,214.085.02.0309.0000.000,22493,"DELFIM MARIO PADUA PEIXOTO, 343, PRAIA BRAVA DE ITAJAI, ITAJAI-SC",-,-,-,Aprovado por unanimidade,214.085.02.0309,11301.0,214.0,85.0,2.0,309.0,214.085.02.0309,R.Delfim Mário Pádua Peixoto,343.0,782.0,1.0,"POLYGON ((-48.63010128628366 -26.9435282189916, -48.63008704069818 -26.94342979256188, -48.6298308400737 -26.94345761686044, -48.62984508533512 -26.9435560432997, -48.63010128628366 -26.9435282189916))",POINT (-48.62996606310463 -26.94349291793808),-48.62996606310463,-26.94349291793808
39,39,710,2021-07-02,ITEM 025,5369/2021,CITYPARK ESTACIONAMENTO ITAJAÍ LTDA,214.122.01.0781.0000.000,22940,"JOSE MEDEIROS VIEIRA - AV DR., 2150, PRAIA BRAVA DE ITAJAI, ITAJAI-SC",-,-,-,Aprovado por unanimidade,214.122.01.0781,21914.0,214.0,122.0,1.0,781.0,214.122.01.0781,Av.Dr.José Medeiros Vieira (Sul),2150.0,599.0,1.0,"POLYGON ((-48.63144725539324 -26.95461116464132, -48.62987561195759 -26.95481765383535, -48.62983376659695 -26.95517536367753, -48.62992713566469 -26.95518110452911, -48.6300756272639 -26.95516745831271, -48.63025511550408 -26.95514500852733, -48.63043460369123 -26.95512255850853, -48.63061409182535 -26.95510010825629, -48.63079357990644 -26.95507765777063, -48.6309730678357 -26.95505520695965, -48.63115255581074 -26.95503275600713, -48.63132848494779 -26.95501075001079, -48.631504423218 -26.95498870669787, -48.63144725539324 -26.95461116464132))",POINT (-48.63067037368195 -26.9549046542679),-48.63067037368196,-26.954904654267892
40,40,710,2021-07-02,ITEM 026,5535/2021,VITOR HUGO DE ALMEIDA CONSTRUÇÕES,212.011.03.0987.0000.000,14764,"EMILIO FRANCISCO ROSA, 351, SAO JOAO, ITAJAI-SC",-,-,-,Aprovado por unanimidade,212.011.03.0987,24810.0,212.0,11.0,3.0,987.0,212.011.03.0987,R.Emílio Francisco Rosa,351.0,167.0,1.0,"POLYGON ((-48.67913451100181 -26.89546506814331, -48.67912030088547 -26.89528257821968, -48.67901174409059 -26.89528654748525, -48.67902618903714 -26.89547205503494, -48.67913451100181 -26.89546506814331))",POINT (-48.67907303805292 -26.89537656972802),-48.67907303805292,-26.895376569728022
41,41,710,2021-07-02,ITEM 027,555-21-EMPRESAS ALF,PERFORMANCE E SAUDE CA EIRELI,214.098.03.0312.0000.000,800694,"HILDEBRANDO JORGE SILVA, S/N, PRAIA BRAVA DE ITAJAI, ITAJAI-SC",SALAQ1,-,-,Aprovado por unanimidade,214.098.03.0312,,,,,,,,,,,,,,
42,42,710,2021-07-02,ITEM 028,1145-21 EMPRESAS-ALF,PRAIANA COMERCIO DE PRODUTOS HOSPITALARES LTDA - SANTA APOLONIA HOSPITALAR,201.078.02.0288.0000.000,3203,"FREDERICO AUGUSTO LUIZ THIEME, 102, CENTRO, ITAJAI-SC",-,-,-,Aprovado por unanimidade,201.078.02.0288,7628.0,201.0,78.0,2.0,288.0,201.078.02.0288,R.Frederico Augusto Luiz Thieme,102.0,352.0,1.0,"POLYGON ((-48.66342450816597 -26.90735110381509, -48.66336924590087 -26.90743775630695, -48.66336114398916 -26.90743312728778, -48.66322019970155 -26.90765413058628, -48.66330384431996 -26.90772323727755, -48.66357967377733 -26.90729073012487, -48.66350158772707 -26.90723024092034, -48.66342450816597 -26.90735110381509))",POINT (-48.66339812808182 -26.90747937123751),-48.663398128081816,-26.90747937123751
43,43,710,2021-07-02,ITEM 029,2091-21 EMPRESAS-ALF,VERDETEC BRASIL LTDA,216.163.01.4000.0000.000,92,"VERGILIO CADORE, 9259, CAMPECHE, ITAJAI-SC",-,-,-,Aprovado por unanimidade,216.163.01.4000,23375.0,216.0,163.0,1.0,4000.0,216.163.01.4000,R.Vergílio Cadore,8000.0,1503.0,1.0,"POLYGON ((-48.82867953626143 -26.9915520888869, -48.83979324782686 -26.99128652294818, -48.84010869677225 -26.99092773938804, -48.82866249356083 -26.99131464807986, -48.82867834032503 -26.99145731711064, -48.82867953626143 -26.9915520888869))",POINT (-48.83466996816464 -26.99125926735878),-48.83466996816465,-26.99125926735878
44,44,710,2021-07-02,ITEM 030,SCP 2100789345,ALCIONIR DOS SANTOS,212.104.01.0109.0000.000,16741,"DAVID ADAO SCHMIDT, 445, NOVA BRASILIA, ITAJAI-SC",SALA 03,-,-,Aprovado por unanimidade,212.104.01.0109,35337.0,212.0,104.0,1.0,109.0,212.104.01.0109,R.David Adão Schmidt,445.0,405.0,1.0,"POLYGON ((-48.6860103728982 -26.89375525328306, -48.68616869195991 -26.89360100590391, -48.68603905976034 -26.89349804623157, -48.68602865335992 -26.89350818501349, -48.68588296817893 -26.89365012333909, -48.6860103728982 -26.89375525328306))",POINT (-48.68602542495049 -26.89362623005254),-48.68602542495049,-26.893626230052547
45,45,710,2021-07-02,ITEM 031,SCP 2100248347,MICHELY GNOATTO,202.094.02.0664.0000.000,6515,"JOSE PEREIRA LIBERATO, 1710, SAO JOAO, ITAJAI-SC",GALPÃO 06 - SALA 01,-,-,Aprovado por unanimidade,202.094.02.0664,41425.0,202.0,94.0,2.0,664.0,202.094.02.0664,R.José Pereira Liberato,1710.0,159.0,1.0,"POLYGON ((-48.68351578033812 -26.90772240824799, -48.68602901765497 -26.9073998755194, -48.68608573601645 -26.90726189497793, -48.68612017152365 -26.90717812244259, -48.68618118363538 -26.90713217777867, -48.68628476868491 -26.90715469864546, -48.68641201533758 -26.90711049189458, -48.686327423993 -26.90635937306532, -48.68591952210371 -26.90641193251678, -48.68580240744247 -26.90642707559822, -48.6856642943648 -26.90644493361684, -48.68554081651948 -26.90646089921178, -48.68541523546784 -26.90647713658351, -48.68529142653532 -26.90649314471701, -48.68517233542948 -26.90650854273016, -48.68504283869841 -26.90652528606491, -48.68491552111747 -26.90654174754534, -48.68416922287609 -26.90663823724426, -48.68362810820385 -26.90670715461491, -48.6831893460626 -26.90676492025628, -48.68349305113075 -26.90738251391971, -48.68352666769942 -26.90766908756467, -48.68351578033812 -26.90772240824799))",POINT (-48.68485288170538 -26.90703224279953),-48.68485288170538,-26.90703224279953
